dataset,file_type,user_id,screen_name,label,subset,followers_count,friends_count,statuses_count,favourites_count,listed_count,created_at,verified,description,location,default_profile_image,source,tweet_id,text,in_reply_to_user_id
cresci_2015,users,713380862,brucervpp,bot,INT,6.0,204.0,17.0,0.0,0.0,Tue Jul 24 00:20:18 +0000 2012,,I come.... I fuckshi up.... I leave.,In the clouds,,cresci_2015,,,
cresci_2015,users,118024286,jungleLella87,bot,E13,126.0,650.0,1656.0,20.0,0.0,Sat Feb 27 10:33:13 +0000 2010,,"rompipalle patentata e certificata, nonché grandissimo genio incompreso! :D",,,cresci_2015,,,
cresci_2015,users,1382419244,EulahBurton1,bot,INT,0.0,15.0,2.0,0.0,0.0,Fri Apr 26 17:12:08 +0000 2013,,,In my own world,,cresci_2015,,,
cresci_2015,users,1174644632,CyrrnzGearldine,bot,FSF,6.0,190.0,28.0,0.0,0.0,Wed Feb 13 09:49:30 +0000 2013,,@justinbieber  said having a little success with the opposite sex is a matter of running a simle concept:do not be a #JERK,Theworld:],,cresci_2015,,,
cresci_2015,users,922305175,FrancescaLosant,bot,E13,2.0,20.0,423.0,0.0,0.0,Sat Nov 03 02:52:49 +0000 2012,,"Mamma, moglie e fotografa per passione",,,cresci_2015,,,
cresci_2015,users,226964193,EarthquakeMG,bot,E13,260.0,350.0,16490.0,1492.0,2.0,Wed Dec 15 15:06:48 +0000 2010,,"Mariagrazia, 21 years old. || Hypersensitive. Irascible. Asocial. Incoherent. Obsesses with tidiness. Touchy. Lazy. Moody. Too kind. Too thoughtful. Dreamer. ||",Palermo,,cresci_2015,,,
cresci_2015,users,611783684,lasabrimaio,bot,E13,67.0,319.0,323.0,0.0,1.0,Mon Jun 18 15:59:08 +0000 2012,,"Ascolto, osservo, tocco, annuso, assaggio. E scrivo.",,,cresci_2015,,,
cresci_2015,users,1175872345,WoolardjuaLatin,bot,FSF,9.0,208.0,19.0,0.0,0.0,Wed Feb 13 16:13:08 +0000 2013,,i m nterested to write about electronic cigrettes,canada,,cresci_2015,,,
cresci_2015,users,507498746,nalezzai,bot,E13,117.0,295.0,1088.0,12.0,0.0,Tue Feb 28 15:14:45 +0000 2012,,La mia sarditÃ  puÃ² non piacere ad alcuni ma io sono fiera di essere sarda. ,,,cresci_2015,,,
cresci_2015,users,384932218,PensieroModerat,bot,E13,77.0,436.0,600.0,47.0,0.0,Tue Oct 04 15:47:35 +0000 2011,,voce critica dei moderati campani.,Campania,,cresci_2015,,,
cresci_2015,users,413332388,LuigiNistic,bot,E13,358.0,265.0,16961.0,2626.0,1.0,Tue Nov 15 19:16:26 +0000 2011,,Non mi prendo mai troppo seriamente... Ã¨ questo il trucco! ,Milano,,cresci_2015,,,
cresci_2015,users,72348749,juzynhasc,human,TWT,54.0,674.0,136.0,1.0,0.0,Mon Sep 07 18:35:44 +0000 2009,,Prefiro fazer e me arrepender do que imaginar como seria!!,Brasil,,cresci_2015,,,
cresci_2015,users,48364513,MARCOSRAMON,human,TWT,30.0,566.0,138.0,0.0,0.0,Thu Jun 18 14:25:30 +0000 2009,,"Proximamente Ingenieria, papä de Marcos tio de Sofy y padrino de Manuel y Manuela",Venezuela,,cresci_2015,,,
cresci_2015,users,349204176,oronloneg,bot,E13,1594.0,1994.0,2437.0,363.0,10.0,Fri Aug 05 18:43:00 +0000 2011,,"Stile libero, libero pensiero",roma,,cresci_2015,,,
cresci_2015,users,78719596,Boborosko,bot,E13,17.0,78.0,183.0,3.0,1.0,Wed Sep 30 21:59:59 +0000 2009,,al contrario degli altri utenti di Twitter che sono tutti famosi io sono un bel cazzo di nessuno e sono contento di esserlo,,,cresci_2015,,,
cresci_2015,users,1130305728,PattyGo74313164,bot,FSF,8.0,244.0,23.0,0.0,0.0,Tue Jan 29 07:19:23 +0000 2013,,#teampolo #tamfreshtodeath #teamshoegame #teammoney$ #teamjordan #teambaseballstar nd follow m bitches¡!!! Name'$ Abraham click the follow button,In your mom,,cresci_2015,,,
cresci_2015,users,761723172,DinoBenedetti,bot,E13,29.0,142.0,612.0,32.0,0.0,Thu Aug 16 15:08:48 +0000 2012,,........ norikoete,sulle colline di Tar100,,cresci_2015,,,
cresci_2015,users,934466887,MartaPerego88,bot,E13,39.0,165.0,236.0,620.0,0.0,Thu Nov 08 13:04:03 +0000 2012,,*,www.peregoalbum.it,,cresci_2015,,,
cresci_2015,users,227811080,jfburgueno,human,TWT,19.0,446.0,1.0,4.0,0.0,Fri Dec 17 21:52:54 +0000 2010,,,,,cresci_2015,,,
cresci_2015,users,173788566,Darunning,bot,E13,97.0,126.0,259.0,53.0,0.0,Mon Aug 02 10:47:15 +0000 2010,,DarioDC Varese (2*12*87) Italy ATHLETE (track and field) POLICEMAN (F.F.O.O. Team) BOMBER {F0||oWm&}                               RuNnEr,Varese,,cresci_2015,,,
cresci_2015,users,618153400,velezjti,bot,INT,6.0,245.0,29.0,0.0,0.0,Mon Jun 25 14:43:21 +0000 2012,,life´ a bitch bu i deal with it...,Copenhagen,,cresci_2015,,,
cresci_2015,users,271619712,jeismart89,human,TWT,3.0,448.0,1.0,0.0,0.0,Thu Mar 24 21:42:56 +0000 2011,,,"Casanare, Colombia",,cresci_2015,,,
cresci_2015,users,618249107,larainemcfar,bot,INT,12.0,272.0,20.0,0.0,0.0,Mon Jun 25 16:53:32 +0000 2012,,♥♡Follow Me G0rge0us♡♥ I♥ @chrisbron @mombreezy Follows Me!!! #TeamBrezy #DMVLadies #TeamWaka #TeamMinaj #TeamGetMoney #TeamPrettyGirls #TeamAndroid,DM[V]irginia,,cresci_2015,,,
cresci_2015,users,709094335,donovanjbycz,bot,INT,9.0,237.0,33.0,0.0,0.0,Sat Jul 21 14:51:07 +0000 2012,,Twitter Addicts @ll news about twitter; @ll twitersfans follow me or you can grow your twitter in my web for free orget money http://t.co/ux9K2DpF,World,,cresci_2015,,,
cresci_2015,users,1127260830,TrevorR26014998,bot,FSF,13.0,260.0,18.0,0.0,0.0,Mon Jan 28 07:13:27 +0000 2013,,"Eu sou dura e severa de um lado, vulnerável e eocional do outro. KatyPerry","Knoxville, TN 37917",,cresci_2015,,,
cresci_2015,tweets,286543,,,,,,,,,Fri Jul 01 09:24:00 +0000 2011,,,,,,86726738821918720,"@andreamartini with an iPad in your hands you'll look better. I mean, even sexier than usual!",31685559
cresci_2015,tweets,286543,,,,,,,,,Sat Sep 15 15:07:09 +0000 2012,,,,,,246988533150134274,"RT @lasoncini: dopo le ferie d'agosto non mi ricordo piÃÂ¹ il mare, e altre meraviglie http://t.co/5MJFJKPl",0
cresci_2015,tweets,24503,,,,,,,,,Mon Oct 24 12:08:57 +0000 2011,,,,,,128442855944491009,"I'm at Berlin Tegel Airport (TXL) (Flughafen Tegel, Berlin) w/ 10 others http://t.co/deSklVOp",0
cresci_2015,tweets,286543,,,,,,,,,Thu Aug 30 20:47:28 +0000 2012,,,,,,241275971586633729,"Non arrivo e non parto (@ Aeroporto di Linate ""Enrico Forlanini"" (LIN) w/ 5 others) http://t.co/V3FDWi0G",0
cresci_2015,tweets,286543,,,,,,,,,Thu Oct 11 17:05:26 +0000 2012,,,,,,256440383884623872,"RT @fivethirtyeight: Too many people trying to figure out which polls are right, when the question is which are less wrong.",0
cresci_2015,tweets,286543,,,,,,,,,Wed Jun 15 14:26:24 +0000 2011,,,,,,81004636064063488,Arctic Monkeys: Suck It and See Ã¢â¬â review | Music | The Guardian http://j.mp/mwQzzz (via Instapaper),0
cresci_2015,tweets,24503,,,,,,,,,Sat Dec 01 12:43:58 +0000 2012,,,,,,274856366093516800,@nickdaloisio @benjrooney very cool!,426731620
cresci_2015,tweets,286543,,,,,,,,,Sun May 13 15:52:39 +0000 2012,,,,,,201701499326304257,"Cosa si intende per humour britannico: ""Mancini isn't far away from putting himself on."" (il liveblogger del Guardian) http://t.co/pRBrSI8f",0
cresci_2015,tweets,286543,,,,,,,,,Sat Jun 11 15:51:21 +0000 2011,,,,,,79576462470021120,per un momento credeva che l'Europride fosse una cosa di Romano Prodi,0
cresci_2015,tweets,24503,,,,,,,,,Sun Dec 30 10:44:27 +0000 2012,,,,,,285335534098866178,@tdepace already tried :(,52434588
cresci_2015,tweets,24503,,,,,,,,,Wed Jan 20 06:40:50 +0000 2010,,,,,,7978182905,Started secret journey..very dark in the uk. Looking foward daylight.,0
cresci_2015,tweets,382393,,,,,,,,,Thu Oct 06 19:20:03 +0000 2011,,,,,,122028363081711616,great talks and discussion at the Data Science & Epidemiology workshop organized by @marcelsalathe : http://t.co/mdUO5JTC #datascience,0
cresci_2015,tweets,286543,,,,,,,,,Mon Apr 23 23:34:05 +0000 2012,,,,,,194569865951055874,"Armando Iannucci, Writer of Ã¢â¬ÅVeepÃ¢â¬Â on HBO : The New Yorker http://t.co/FHGvf3JC (via Instapaper)",0
cresci_2015,tweets,286543,,,,,,,,,Fri Jan 06 14:47:08 +0000 2012,,,,,,155299364229758976,MartedÃÂ¬ 10 gennaio serata speciale Monty Python con i @Democomica al circolo ARCI Cicco Simonetta http://t.co/J09b5PWG,0
cresci_2015,tweets,286543,,,,,,,,,Mon Dec 17 23:17:16 +0000 2012,,,,,,280813946443812864,"RT @BBCBreaking: US Democratic Senator Daniel #Inouye of Hawaii has died of respiratory complications, aged 88",0
cresci_2015,tweets,286543,,,,,,,,,Wed Aug 31 06:45:45 +0000 2011,,,,,,108792574441046016,Green party's first 100 days in Brighton: the honeymoon's not over yet | Politics | The Guardian  http://j.mp/qsZFCv (via Instapaper),0
cresci_2015,tweets,24503,,,,,,,,,Tue Nov 27 09:48:03 +0000 2012,,,,,,273362543504920578,New lobby @Balderton :) http://t.co/8JlDVqlT (@ Balderton Capital) [pic]: http://t.co/hgPo9Owd,0
cresci_2015,tweets,438023,,,,,,,,,Fri Apr 16 17:41:16 +0000 2010,,,,,,12295595534,"Photo: crashinglybeautiful: invisiblestories: Gustave Le Gray, An Effect of the Sun, Normandy [1856] http://tumblr.com/x038pa64n",0
cresci_2015,tweets,286543,,,,,,,,,Fri Feb 15 22:49:19 +0000 2013,,,,,,302550184146128897,"Il trash ÃÂ¨ una droga che dÃÂ  dipendenza, sono arrivato a casa tardi e addolorato di avere perso metÃÂ  serata #sanctumremus",0
cresci_2015,tweets,382393,,,,,,,,,Tue Mar 26 09:01:22 +0000 2013,,,,,,316474948417900546,"RT @socialphysicist: ""Mobile location data 'present anonymity risk'"" http://t.co/QmJNF5znPY On Cesar Hidalgo paper @bgoncalves",0
cresci_2015,tweets,438023,,,,,,,,,Sat Apr 17 02:38:44 +0000 2010,,,,,,12319380412,Photo: artsandcrafts: via http://tumblr.com/x038pu8o4,0
cresci_2015,tweets,24503,,,,,,,,,Sun Nov 14 18:30:38 +0000 2010,,,,,,3877484424601600,Great to see the guys @naturalmotion doing super well with Backbreaker...great ad from Verizon :) http://tinyurl.com/33rorfa,0
cresci_2015,tweets,286543,,,,,,,,,Sat Sep 22 08:20:10 +0000 2012,,,,,,249422826946314241,The GuardianÃ¢â¬â¢s future: Unguarded | The Economist http://t.co/ld6kbT4P (via Instapaper),0
cresci_2015,tweets,438023,,,,,,,,,Sun Apr 25 02:57:50 +0000 2010,,,,,,12798829758,Photo: (via lknyc) http://tumblr.com/x0391nu4n,0
cresci_2015,tweets,286543,,,,,,,,,Tue Jul 03 14:13:06 +0000 2012,,,,,,220158229227905024,@paferro la vera tassa che doveva imporre Monti era l'accisa sul dizionario,11169862
cresci_2017,users,617429491,nancytgu,bot,fake_followers.csv,17.0,305.0,24.0,0.0,0.0,Sun Jun 24 20:03:23 +0000 2012,,Blackpool is my calling....Check Website for moe....#heiscoming also onFacebook http://t.co/hHxDkeF9,I am Here but will be There,,cresci_2017,,,
cresci_2017,users,1130335195,AubreyJustice2,bot,fake_followers.csv,14.0,233.0,28.0,0.0,0.0,Tue Jan 29 07:26:20 +0000 2013,,,guatemala amatitlan,,cresci_2017,,,
cresci_2017,users,115785153,alouinwonderlnd,human,genuine_accounts.csv,226.0,116.0,20502.0,883.0,2.0,Fri Feb 19 23:22:19 +0000 2010,,"Stay driven, Stay HUNGRY... Spreading nothing but Good Vibes. â¨ || IG : alouinwonderland","2501 PH X Dubai, U.A.E",,cresci_2017,,,
cresci_2017,users,1174359487,ZirkleybpLeora,bot,fake_followers.csv,12.0,173.0,18.0,0.0,0.0,Wed Feb 13 08:17:02 +0000 2013,,Solder of OD .,San Diego,,cresci_2017,,,
cresci_2017,users,1127992975,YasminElliott2,bot,fake_followers.csv,5.0,245.0,23.0,1.0,0.0,Mon Jan 28 12:57:27 +0000 2013,,"I Share infrmatin and News.... Enjoy my Tweets!!! Follow me, I Follow Back ( #autofollowback )",united states,,cresci_2017,,,
cresci_2017,users,617694691,berrygarri,bot,fake_followers.csv,20.0,332.0,41.0,0.0,0.0,Mon Jun 25 02:30:35 +0000 2012,,,"ÃT: -5.988371,106.0330444",,cresci_2017,,,
cresci_2017,users,571300130,Grindhard_Greer,human,genuine_accounts.csv,442.0,289.0,5136.0,2759.0,1.0,Sat May 05 00:56:37 +0000 2012,,I got a Dollar and a Dream... #UTK19  Instagram/Snapchat: grindhard_greer,"Memphis, TN",,cresci_2017,,,
cresci_2017,users,1175819569,DownerbxbDara,bot,fake_followers.csv,8.0,175.0,14.0,0.0,0.0,Wed Feb 13 16:02:20 +0000 2013,,Mom By DY Go GetTa ByNigHT!!!,N beTweEn Ya GuLz LeGz,,cresci_2017,,,
cresci_2017,users,617745271,blakeiww,bot,fake_followers.csv,16.0,289.0,19.0,0.0,0.0,Mon Jun 25 03:48:36 +0000 2012,,First Mai footall player #Doinitbig\,61fo,,cresci_2017,,,
cresci_2017,users,101557278,DraQu_,human,genuine_accounts.csv,22.0,407.0,194.0,79.0,1.0,Sun Jan 03 19:50:24 +0000 2010,,"I speedrun water and drink games. I also stream on twitch and upload highlights to youtube. Hi Quake.. erhm, mom!",Finland,,cresci_2017,,,
cresci_2017,users,2781321025,me_Mardanie,human,genuine_accounts.csv,55.0,110.0,684.0,114.0,1.0,Sat Aug 30 23:41:36 +0000 2014,,I dont have time for the people who hate me because I am busy loving the people who love me.,,,cresci_2017,,,
cresci_2017,users,538865597,StefaniaUbaldi,bot,social_spambots_1.csv,0.0,0.0,50.0,0.0,0.0,Wed Mar 28 08:51:59 +0000 2012,,Secondo lui viaggiare da solo era come andare in analisi: si scoprivano molte cose su stessi.(Amy Hempel),Agrigento,,cresci_2017,,,
cresci_2017,users,1175972964,LawtonffeConnie,bot,fake_followers.csv,8.0,221.0,21.0,0.0,0.0,Wed Feb 13 16:37:33 +0000 2013,,,Denmark,,cresci_2017,,,
cresci_2017,users,616224313,devincarneyral,bot,fake_followers.csv,38.0,827.0,96.0,0.0,0.0,Sat Jun 23 15:48:23 +0000 2012,,"Sharp, sensitiv, woman of the South. Married with ids.",Azania,,cresci_2017,,,
cresci_2017,users,261627134,cool9010,bot,fake_followers.csv,61.0,490.0,170.0,0.0,0.0,Sun Mar 06 10:14:51 +0000 2011,,,dammam,,cresci_2017,,,
cresci_2017,users,616779519,mckinneyivxq,bot,fake_followers.csv,20.0,349.0,42.0,0.0,0.0,Sun Jun 24 02:58:15 +0000 2012,,Almost mous,Sweden,,cresci_2017,,,
cresci_2017,users,1027713949,H3LLoo_,human,genuine_accounts.csv,483.0,241.0,19532.0,3124.0,2.0,Sat Dec 22 04:00:45 +0000 2012,,God above all | Taken since 08/12/14 @LexiiMarshea5 | Senior | 18 | #LaFamilia |,Gibson County,,cresci_2017,,,
cresci_2017,users,2354846455,ClaudeCorradino,bot,social_spambots_2.csv,5.0,38.0,69.0,0.0,0.0,Fri Feb 21 13:59:28 +0000 2014,,,,,cresci_2017,,,
cresci_2017,users,466249274,VanessaDasteni,bot,social_spambots_1.csv,0.0,0.0,84.0,0.0,0.0,Tue Jan 17 06:24:03 +0000 2012,,Ogni volta che cerco di dire qualcosa mi vengono sempre le parole meno adatte se non addirittura opposte a quelle che vorrei dire.,Napoli ,,cresci_2017,,,
cresci_2017,users,2357918882,RenaDiwan,bot,social_spambots_2.csv,11.0,41.0,65.0,0.0,0.0,Sun Feb 23 12:19:34 +0000 2014,,,,,cresci_2017,,,
cresci_2017,users,2359467740,JiHouchins,bot,social_spambots_2.csv,5.0,38.0,44.0,0.0,0.0,Mon Feb 24 13:00:59 +0000 2014,,,,,cresci_2017,,,
cresci_2017,users,198700618,gsignoret,human,genuine_accounts.csv,1903.0,790.0,23996.0,2811.0,61.0,Tue Oct 05 00:49:39 +0000 2010,,"Asset allocation head at own investment advisory. Economist and writer. I tweet on global markets and economy, social justice, language, literature, arts.",Mexico,,cresci_2017,,,
cresci_2017,users,1129923780,VivianaSnider1,bot,fake_followers.csv,16.0,264.0,16.0,0.0,0.0,Tue Jan 29 03:28:57 +0000 2013,,simpleute,bulacan,,cresci_2017,,,
cresci_2017,users,2362464902,YunSchardt,bot,social_spambots_2.csv,3.0,35.0,55.0,0.0,0.0,Wed Feb 26 10:15:05 +0000 2014,,,,,cresci_2017,,,
cresci_2017,users,1174760396,StringfieldprjL,bot,fake_followers.csv,10.0,189.0,24.0,0.0,0.0,Wed Feb 13 10:21:26 +0000 2013,,"iCute iSexy iRock iRule Nice iAnAddictn iCareerBoi iThaBoifwndYouWsh YouHadâ¥ igAt An !nfluEnce 0n ppl,if u dnt waNa gEt add!ctd  mE neVa sAy *HI*",Wiv Yha GalFwend :D,,cresci_2017,,,
cresci_2017,tweets,722623,,,,,,,,,Mon Sep 23 00:33:20 +0000 2013,,,,,,381939301363113984,RT @FauxJohnMadden: That awkward moment when the Jaguars scored 14 more points against the Seahawks than the 49ers did.,0
cresci_2017,tweets,722623,,,,,,,,,Sun Aug 03 22:22:31 +0000 2014,,,,,,496058559348867072,[blog post:] San Diego bike ride pics http://t.co/XOA6GfwVsN,0
cresci_2017,tweets,678033,,,,,,,,,Thu Jan 15 19:47:59 +0000 2015,,,,,,555813668001030144,#fb Look what came in the mail today! A little nosh for an upcoming @morningJewShow #KathyAckerâ¦ http://t.co/9gD6RYwgX8,0
cresci_2017,tweets,722623,,,,,,,,,Tue Jul 22 23:25:18 +0000 2014,,,,,,491725702639521792,"@RadioRewinder tough one. I'd vote for either MusicRadio 77 WABC, or Z100. Without WABC there probably wouldn't have been a Z100.",2464058527
cresci_2017,tweets,722623,,,,,,,,,Fri Aug 29 13:45:13 +0000 2014,,,,,,505350461256245248,"RT @AZATHLETICS: Tucson fans, @Greg_Byrne will be on @KIIM995 at apprx 7am. Listen on 99.5 FM. #BearDown #BeThe1",0
cresci_2017,tweets,722623,,,,,,,,,Sat Sep 07 00:21:42 +0000 2013,,,,,,376138169449607168,Hey @porkchop995 -thanks for dinner! http://t.co/o3M9LIh7E0,0
cresci_2017,tweets,678033,,,,,,,,,Fri Mar 27 19:26:41 +0000 2015,,,,,,581537846340677632,"Jewish male comics make fun of Jewish women for decades, but turn it around once and it's anti-Semitism? http://t.co/3oh4XCBeZl #lenadunham",0
cresci_2017,tweets,722623,,,,,,,,,Tue Apr 08 20:45:16 +0000 2014,,,,,,453634703258427395,@ArizonaDOT haha. Thanks for the laugh.,16221481
cresci_2017,tweets,722623,,,,,,,,,Mon Sep 02 15:53:40 +0000 2013,,,,,,374560767452127232,"[blog post:] They tried to talk me out of it, but I put my money where my mouth is: $5 that the Jaguars will wi... http://t.co/tyzfqHmOH6",0
cresci_2017,tweets,678033,,,,,,,,,Tue Mar 31 22:23:27 +0000 2015,,,,,,583031883585351680,"RT @aparnapkin: GO SEE THIS LAUGH CHAMP ""@MrEmilyHeller: PLEASE CONSIDER THIS TOUR! http://t.co/LeZKcyLshq http://t.co/bjHtD7hbT2â",0
cresci_2017,tweets,678033,,,,,,,,,Sun Nov 23 19:31:14 +0000 2014,,,,,,536602896477847554,RT @Blackamazon: So for all the people who are adamant that sex work isn't a choice because of poverty why aren't you working to fix poverty,0
cresci_2017,tweets,755116,,,,,,,,,Tue Feb 10 08:21:47 +0000 2015,,,,,,565063063296950273,So 101 smallt things checked and it seems that it works. Now lets time the live push â¦,0
cresci_2017,tweets,722623,,,,,,,,,Wed Apr 02 18:18:32 +0000 2014,,,,,,451423450725249024,needs a beach.,0
cresci_2017,tweets,722623,,,,,,,,,Wed Jan 29 18:33:21 +0000 2014,,,,,,428596746457849856,"@ATLCadillac Hope you and your city are doing OK. If there's anything we can do for you (besides push some sunshine your way), let us know!",21239860
cresci_2017,tweets,722623,,,,,,,,,Wed Nov 12 00:45:35 +0000 2014,,,,,,532333348987736065,Your mom came by my station in Jacksonville in the 90s and hung out with us and Tim McGraw's mom #FollowMeGarth @garthbrooks,0
cresci_2017,tweets,722623,,,,,,,,,Thu Oct 31 15:23:10 +0000 2013,,,,,,395933973429243905,High Speed Chase in LA: http://t.co/B694snaAIA,0
cresci_2017,tweets,678033,,,,,,,,,Fri Mar 27 05:35:41 +0000 2015,,,,,,581328719337295872,"Pretty sure Indiana's Governor was hoping for backlash to ""outbutch"" Walker for GOP Primaries. Til he needs help from a gay surgeon.",0
cresci_2017,tweets,755746,,,,,,,,,Mon Feb 16 21:41:29 +0000 2015,,,,,,567438640322981888,"I'm at O2 Fit in Las Condes, RegiÃ³n Metropolitana https://t.co/oXPQySvzy1",0
cresci_2017,tweets,755116,,,,,,,,,Wed Mar 11 07:03:20 +0000 2015,,,,,,575552568769798145,@lenawash Japan just lacks sarcasm. That is a utter foreign concept to them.,41316632
cresci_2017,tweets,755116,,,,,,,,,Wed Dec 31 13:00:33 +0000 2014,,,,,,550275316640268288,One more let it go. Why. And now smap. #kohaku #ç´ç½,0
cresci_2017,tweets,755746,,,,,,,,,Wed Feb 25 15:08:53 +0000 2015,,,,,,570601331712512000,"@joshuacurrier @carmv @phishb13 ah, much tricker then.  good luck w/ your search!",16221285
cresci_2017,tweets,678033,,,,,,,,,Mon Dec 15 01:22:11 +0000 2014,,,,,,544301359680323585,Bless you for the grab. Sign of the year #EISTC â@sportjules: This one is for @marikotamaki &amp; @heathr http://t.co/DcfjVhbCUUâ,0
cresci_2017,tweets,722623,,,,,,,,,Mon Aug 11 23:21:43 +0000 2014,,,,,,498972558687866880,@BadMorningShow phone topic idea: who's your favorite TV alien? Too soon?,962446921
cresci_2017,tweets,755116,,,,,,,,,Mon Oct 20 00:47:13 +0000 2014,,,,,,523998841868017666,"AAAAH. fucking again, quitting vmware instead of quitting the app running inside vmware.App quit needs some security here.",0
cresci_2017,tweets,722623,,,,,,,,,Wed May 28 13:59:39 +0000 2014,,,,,,471652020873486336,Has anyone seen Maya Angelou lately?,0
twibot_2020,users,860606086570811394,UN_OROLSI ,bot,train,3162.0,537.0,2684.0,3350.0,24.0,Fri May 05 21:24:15 +0000 2017 ,False ,"We work in the areas of Justice and Corrections, Disarmament, Demobilization and Reintegration, Security Sector Reform, @UNPOL & @UNMAS within @UNPeacekeeping ","New York, USA ",False ,twibot_20,,,
twibot_2020,users,1296437137529765888,juss_will747 ,bot,train,1.0,68.0,8.0,23.0,0.0,Thu Aug 20 13:21:30 +0000 2020 ,False ,#Loyalty #BLM , ,False ,twibot_20,,,
twibot_2020,users,282064204,DaniCarvajal92 ,human,train,3995164.0,383.0,2422.0,1428.0,3336.0,Thu Apr 14 13:42:13 +0000 2011 ,True ,Cuenta oficial de Daniel Carvajal. Jugador del @realmadrid y @sefutbol  🇪🇸 Instagram: dani.carvajal.2 ,Madrid ,False ,twibot_20,,,
twibot_2020,users,2450551725,robynthomps59 ,bot,train,5641.0,6197.0,27502.0,22354.0,4.0,Mon Mar 31 19:39:04 +0000 2014 ,False ,Stands left of center. Runs w/ scissors. No DMs/FB requests. Don’t do it. Married. BOTS/suspicious profiles blocked. Opinions are my own. #Resist #Impeach45 ,"Maryland, USA ",False ,twibot_20,,,
twibot_2020,users,1173293119938420736,oasisplantsand1 ,bot,train,920.0,4306.0,353.0,711.0,3.0,Sun Sep 15 17:51:14 +0000 2019 ,False ,Houseplant Terrarium Aquarium Plant Shop Online UK Delivery. Check out the Monstera Variegated and Monstera Thai Constellation Propagation Project. ,"Manchester, England ",False ,twibot_20,,,
twibot_2020,users,54809468,redbaron1200s ,human,train,22413.0,22640.0,609.0,645.0,72.0,Wed Jul 08 05:26:59 +0000 2009 ,True ,"Founder/Manager/Producer/Cryptopunk: Studio71/CDS, Big Momma's House, The Collective, Linkin Park, Monster's Ball, PONY, BeautyCon, Metacafe, RKO, Ice Cube ","Los Angeles, CA ",False ,twibot_20,,,
twibot_2020,users,291428614,lizakoshy ,human,train,2916609.0,905.0,31785.0,13949.0,1243.0,Mon May 02 00:38:57 +0000 2011 ,True ,please pitch me bio ideas ,"Houston, TX ",False ,twibot_20,,,
twibot_2020,users,177433698,_Voto2012 ,human,train,380.0,912.0,7.0,0.0,3.0,Thu Aug 12 03:28:07 +0000 2010 ,False , , ,False ,twibot_20,,,
twibot_2020,users,710497908609560576,donnaellison551 ,bot,train,8.0,1521.0,293.0,1.0,0.0,Thu Mar 17 16:07:56 +0000 2016 ,False ,ZonMw stimuleert  gezondheids­onderzoek en  zorginnovatie ,Den Haag ,True ,twibot_20,,,
twibot_2020,users,627673190,ChampionsLeague ,human,train,30042227.0,535.0,68014.0,2506.0,20451.0,Thu Jul 05 19:43:40 +0000 2012 ,True ,Spanish: @LigadeCampeones Japanese: @UCLJapan U19: @UEFAYouthLeague ,"Nyon, Vaud ",False ,twibot_20,,,
twibot_2020,users,263292498,AlbertBrooks ,human,train,1684248.0,1.0,3962.0,0.0,7740.0,Wed Mar 09 19:29:47 +0000 2011 ,True ,"Filmmaker, actor, author Albert Brooks.  Originally joined Twitter to promote my book. Now trapped. Can't get out. Help. http://t.co/Ab9SWCgN ",Los Angeles ,False ,twibot_20,,,
twibot_2020,users,1611054840,DawgdocBrad ,bot,train,1107.0,1707.0,7096.0,6716.0,2.0,Sun Jul 21 18:16:44 +0000 2013 ,False , , ,False ,twibot_20,,,
twibot_2020,users,34451959,ocktalks ,human,train,17144.0,2684.0,28095.0,15840.0,249.0,Wed Apr 22 23:59:34 +0000 2009 ,True ,"Emmy winning News Anchor @Boston25 at 5,6,10&11. Former Sportscaster. @BCHigh/@providencecol. Husband+Father of 3/ IG: https://t.co/aeU8EA3yU7 ","Boston, MA ",False ,twibot_20,,,
twibot_2020,users,976079439309176833,Maxima28_ ,bot,train,58.0,116.0,114.0,235.0,1.0,Tue Mar 20 12:54:07 +0000 2018 ,False ,Twitch Affiliate | Gamer , ,False ,twibot_20,,,
twibot_2020,users,1278610089226764293,tonybra12825025 ,bot,train,28.0,253.0,4.0,0.0,0.0,Thu Jul 02 08:43:22 +0000 2020 ,False ,God Above All 🙏🏽 • FOREX TRADER 📈 • INVESTOR 🏚🔄💰 • 📈Wolf of All Streets ™️ 💰DM me and get plugged in🎬 💎Creativity Supporter 🎨 ASK ME WHAT I DO!📲📩 , ,False ,twibot_20,,,
twibot_2020,users,15474865,UlsterUni ,human,train,44858.0,4533.0,16514.0,13245.0,516.0,Thu Jul 17 22:27:15 +0000 2008 ,True ,"#WeAreUU, a pioneering, forward-looking institution with a national & international reputation for #excellence #innovation & #engagement We are #ProudofUU ",Northern Ireland ,False ,twibot_20,,,
twibot_2020,users,255176423,TRE4RUFFDRAFFS ,bot,train,2385.0,451.0,8115.0,21.0,12.0,Sun Feb 20 20:53:52 +0000 2011 ,False ,https://t.co/SNyVhXmv2E  http://t.co/yxCTYgFdjD ,PG/DC/SC  to Atlanta ,False ,twibot_20,,,
twibot_2020,users,1250250616368017412,MrCloudzy ,human,dev,30.0,202.0,295.0,1659.0,2.0,Wed Apr 15 02:32:36 +0000 2020 ,False ,Developer - Cool stuff coming soon. ,Next To My Neighbor. ,False ,twibot_20,,,
twibot_2020,users,1227045808580833280,ironbutterfly42 ,bot,train,1976.0,2632.0,5148.0,5826.0,0.0,Tue Feb 11 01:45:17 +0000 2020 ,False ,⭐⭐⭐I've got a dream that's worth more than my sleep 🚫 DM's #WWG1WGA 👊👊 #DrainTheSwamp  #TheGreatAwakening #NothingCanStopWhatIsComing Q #MAGA #Trump2020⭐⭐⭐ , ,False ,twibot_20,,,
twibot_2020,users,20079575,the_zim ,human,train,3541.0,1586.0,7909.0,1931.0,171.0,Wed Feb 04 18:55:04 +0000 2009 ,True ,New York Bureau Chief @chalkbeat || Alum: @DNAinfo || Tips: azimmer@chalkbeat.org || Sign up for @chalkbeatNY newsletter: https://t.co/OSSK1Rca3C ,New York City ,False ,twibot_20,,,
twibot_2020,users,1212209873594699776,0553Juanito ,bot,dev,108.0,883.0,4372.0,1951.0,0.0,Wed Jan 01 03:12:27 +0000 2020 ,False , , ,True ,twibot_20,,,
twibot_2020,users,3313767952,jiuaishunv2015 ,human,train,27.0,2211.0,1.0,32.0,0.0,Mon Jun 08 18:55:50 +0000 2015 ,False , , ,True ,twibot_20,,,
twibot_2020,users,3100110886,eriscollective ,bot,train,233.0,1519.0,23.0,1205.0,13.0,Fri Mar 20 19:20:25 +0000 2015 ,False ,London based artists collective. Email:  enquiries@eriscollective.co.uk Instagram: @eriscollective ,London ,False ,twibot_20,,,
twibot_2020,users,41634520,seanhannity ,human,dev,5172575.0,4.0,7046.0,110.0,19424.0,Thu May 21 17:41:12 +0000 2009 ,True ,"TV Host Fox News Channel 9 PM EST. Nationally Syndicated Radio Host 3-6 PM EST. https://t.co/z23FRgA02S Retweets, Follows NOT endorsements! Due to hackings, no DM’s! ",NYC ,False ,twibot_20,,,
twibot_2020,users,19478716,lexnfx ,human,train,8729.0,2011.0,11924.0,1448.0,515.0,Sun Jan 25 05:13:28 +0000 2009 ,True ,"Business Insider Global Tech Editor and West Coast Bureau Chief. Once Reuters, thestreet, c|net... I'm not a robot aoreskovic@businessinsider.com ", ,False ,twibot_20,,,
twibot_2020,tweets,58579942,,,,,,,,,,,,,,,,"This is what people-powered conservative populism looks like:

“Gaetz’s primary win comes after he swore off accepting campaign contributions from federal political action committees earlier this year.”

https://t.co/0d4pBi0dvF
",
twibot_2020,tweets,208120290,,,,,,,,,,,,,,,,"The FDA today provided an update on the investigation of Cyclospora illnesses tied to the consumption of bagged salads, including a new method to sample for Cyclospora in agricultural water for the first time in a field investigation: https://t.co/tKNhN8Zxay https://t.co/eQ3jSBGJ26
",
twibot_2020,tweets,1485029462,,,,,,,,,,,,,,,,"RT @iamirishdave: @WheelsUp at Elkhart Airport. https://t.co/mu0RdQuECF
",
twibot_2020,tweets,208120290,,,,,,,,,,,,,,,,"We want to remind consumers, retailers, and restaurants that if they cannot tell if onions are part of the recalls, or if products contain recalled onions, you should not eat, sell, or serve it, &amp; should throw it out.
",
twibot_2020,tweets,558797310,,,,,,,,,,,,,,,,"There's only one thing on @B_Fernandes8's mind... 🧠

🔴 #MUFC
🏆 #UEL
⏱ @TAGHeuer https://t.co/VejtV4fSy9
",
twibot_2020,tweets,58579942,,,,,,,,,,,,,,,,"RT @realannapaulina: I can’t disagree with @scontorno on this one:

I am not a pharmaceutical lobbyist or a DC insider &amp; I am damn proud of…
",
twibot_2020,tweets,15750898,,,,,,,,,,,,,,,,"JUST IN: 17-year-old pedestrian dies in hit-and-run crash on I-75; troopers search for driver. MORE HERE: https://t.co/JVYbMsVZ3Q
",
twibot_2020,tweets,1141136372,,,,,,,,,,,,,,,,"@J_Ballesteros1 @miguelballes92 Seve THE legend gave me the inspiration to play this game,honored to be one of his picks in The Ryder Cup and I miss him dearly❤️🙏❤️ Would have loved for today's youngster to experience true charisma/passion and drive. Every round was special with Seve👌👌👌
",
twibot_2020,tweets,58579942,,,,,,,,,,,,,,,,"RT @PeteHegseth: See video. Wow. @Xfinity/@comcast has BANNED Republican front-runner Laura Loomer from sending texts &amp; emails to voters. T…
",
twibot_2020,tweets,15750898,,,,,,,,,,,,,,,,"It's not just you (or your kids). Zoom is suffering a widespread outage: https://t.co/NTjfTZnBsv
",
twibot_2020,tweets,39555442,,,,,,,,,,,,,,,,"😂😂😂
",
twibot_2020,tweets,2421067430,,,,,,,,,,,,,,,,"Charlie Kirk just predicted Trump will get a double-digit bump from the convention.  Let’s hold him to that.
",
twibot_2020,tweets,1141136372,,,,,,,,,,,,,,,,"RT @RFFH: Exclusive footage of Ole going for a morning swim....

https://t.co/XXBv54R1hf
",
twibot_2020,tweets,783214,,,,,,,,,,,,,,,,"@arron_crascall errrm done https://t.co/ne4Q4jtjJ9
",
twibot_2020,tweets,939091,,,,,,,,,,,,,,,,"Donald Trump is unfit to lead our nation. But don’t just take my word for it... https://t.co/vdYcNWiNBk
",
twibot_2020,tweets,30180137,,,,,,,,,,,,,,,,"@michaelsevcik We really want to know more about this! Please reach out to us via DM.
",
twibot_2020,tweets,15750898,,,,,,,,,,,,,,,,"RT @PaulFox13: Strong tropical wave in Atlantic will be a depression soon, maybe even tonight at 11 pm. Future highly uncertain. Some some…
",
twibot_2020,tweets,21536398,,,,,,,,,,,,,,,,"Jim Jordan one-liner 👇 https://t.co/jpGRUhlu0f
",
twibot_2020,tweets,22703645,,,,,,,,,,,,,,,,"6/6 What's at stake isn't a cable news segment. It's the existence of rational conversation in America. If they can prevent you from asking honest questions, there's nothing they can't do. More on this tomorrow night.
",
twibot_2020,tweets,237824268,,,,,,,,,,,,,,,,"@RonWillzz Where do you even start with this?
",
twibot_2020,tweets,21536398,,,,,,,,,,,,,,,,"NYC Gov. Cuomo Enlists Citizens To Help Police Non-Compliant Businesses During COVID-19 https://t.co/z7PBsWqOGc
",
twibot_2020,tweets,849880970,,,,,,,,,,,,,,,,"RT @HomelandKen: She’s not done, but taking a lot of incoming from violent rioters.
https://t.co/9mnwRvU0Zn
",
twibot_2020,tweets,208120290,,,,,,,,,,,,,,,,"RT @FDADeviceInfo: As part of the @US_FDA’s continued efforts to protect patients’ health and help ensure the safety of breast implants, we…
",
twibot_2020,tweets,247653244,,,,,,,,,,,,,,,,"Almighty. We ask You to renew our hearts with strength and purpose on this day. Forgive our past sins and help us get closer to You. We know You have our backs and have brought us this far. Guide us always for we can't make it by ourselves!
",
twibot_2020,tweets,5402612,,,,,,,,,,,,,,,,"People living alone and most single parents in England can stay at another household from Saturday, says PM https://t.co/YoEp5aPHFP
",
twibot_2022,users,u11178672,Revkin,human,train,89645.0,10238.0,81613.0,,4267.0,2007-12-14 21:43:43+00:00,True,"Seeking #sustcomm @ColumbiaClimate | 20 years @nytimes | https://t.co/YPtY8Ly0EH | Rest? Family, friends, books https://t.co/AESlRATkbd, music https://t.co/I5WxwbzEaq",Hudson Highlands / Lenape Land,0,twibot_22,,,
twibot_2022,users,u142111864,erkafi,human,train,498.0,1500.0,35009.0,,23.0,2010-05-10 00:42:44+00:00,False,Ad Universi Terrarum Orbi,México cdmx,0,twibot_22,,,
twibot_2022,users,u17670329,sidhant,human,train,97578.0,1597.0,67538.0,,410.0,2008-11-27 05:10:34+00:00,True,Principal Diplomatic & Defence Correspondent for @WIONews. Bylines in @dna newspaper. Previously @DDnewsLive.,"New Delhi, India",0,twibot_22,,,
twibot_2022,users,u2572695564,OllieWhitfield_,human,train,5676.0,137.0,42155.0,,1680.0,2014-06-17 11:06:22+00:00,False,"Co-Host of 0 To 5 Million Podcast🎤 Growth Marketing @VanillaSoft/Autoklose🤙🏻Content, Prospecting, Pool, LFC🔴",0  🟩🟩🟩🟨⬜⬜⬜⬜  Goal,0,twibot_22,,,
twibot_2022,users,u1446814504608800768,MohamedSkeku,human,train,624.0,2788.0,75.0,,1.0,2021-10-09 12:27:36+00:00,False,"Freetown.sierra Leone
Chief executive director of youth progressive Networkd
skekumohamed@gmail.com
advocacy organization",Sierra Leone,0,twibot_22,,,
twibot_2022,users,u540009358,Adam_B_Long,human,test,634.0,1354.0,1227.0,,27.0,2012-03-29 14:13:07+00:00,False,Co-founder of @Wrangle_io. Created @HemingwayApp.👨🏼‍💻I design and build software.,"Raleigh-Durham, NC",0,twibot_22,,,
twibot_2022,users,u1484472638395273218,Milkykaay,human,test,1.0,9.0,0.0,,0.0,2022-01-21 10:27:20+00:00,False,New!! Follow Back everyone!!,,0,twibot_22,,,
twibot_2022,users,u121950222,TheAmericanMyth,human,test,30.0,231.0,289.0,,1.0,2010-03-11 03:43:34+00:00,False,,,0,twibot_22,,,
twibot_2022,users,u107847735,vicfcs,human,train,427.0,439.0,713.0,,16.0,2010-01-23 23:41:15+00:00,False,Artist at heart. Engineer by training. Entrepreneur on mission🦄https://t.co/vLnrWtb89v 🇺🇸 Advisor at @UCBerkeley. AI/ML. Cybersecurity. Web3. Crypto. Jazz🎸🎹 😎,"San Francisco, CA",0,twibot_22,,,
twibot_2022,users,u1358413329148964866,mooratkamol1990,human,test,7.0,230.0,198.0,,0.0,2021-02-07 13:53:10+00:00,False,Hey : mooratkamol นี่ฉันเองค่าา จุ๊ฟๆๆๆ Xoxo อาศัย: Bangkok Thailand!? 🍓🍓🍓🍓🍞🍘🍘🍘🎯❤❤❤🚴‍♀️👀👡💍💄💎🌐🎨,"กรุงเทพมหานคร, ประเทศไทย",0,twibot_22,,,
twibot_2022,users,u4021650673,CRubino11,bot,test,415.0,951.0,557.0,,1.0,2015-10-26 06:33:53+00:00,False,"PhD Candidate @UBC_BrainLab, studying 👀💪 movements and functional brain connectivity after stroke | @UBCwomensulti Alum | She/Her.","Vancouver, British Columbia",0,twibot_22,,,
twibot_2022,users,u3452096893,butchdiva3,bot,train,98.0,500.0,98.0,,0.0,2015-09-04 21:08:09+00:00,False,53 yo lesbian. trying to stay sane in this crazy world.,"Colorado, USA",0,twibot_22,,,
twibot_2022,users,u811255817039126529,FlatironCCB,human,train,1042.0,86.0,383.0,,10.0,2016-12-20 17:03:54+00:00,False,"The Center for Computational Biology (CCB) is part of the @FlatironInst, a multidisciplinary institute focused on computation.",NYC,0,twibot_22,,,
twibot_2022,users,u1123673299014127616,ShrikumaranPB,human,test,11.0,686.0,6.0,,0.0,2019-05-01 19:39:26+00:00,False,Geek • NIT Trichy,,1,twibot_22,,,
twibot_2022,users,u1280118663610339328,RachelTriesToBe,human,train,1906.0,1971.0,12507.0,,1.0,2020-07-06 12:37:41+00:00,False,"Bunny hugger. Allotment bee keeper, also eater and grower of fruit and veg. Love hidden gardens and wild green places. Neurodivergent.",South West UK,0,twibot_22,,,
twibot_2022,users,u1005422441492082688,RaniaAlMashat,human,train,97198.0,96.0,1086.0,,188.0,2018-06-09 12:12:44+00:00,True,Minister of International Cooperation — Arab Republic of Egypt. Former Minister of Tourism. International Economist. YGL. Loving Daughter & Older Sister,Egypt,0,twibot_22,,,
twibot_2022,users,u16156286,Tikigaud,human,test,97.0,600.0,984.0,,2.0,2008-09-06 13:10:09+00:00,False,I yam what I yam.,50th St & Broadway,0,twibot_22,,,
twibot_2022,users,u1221991830742372354,ObusLucy,human,test,111.0,512.0,136.0,,1.0,2020-01-28 03:02:21+00:00,False,"User Experience Researcher, @CZIscience.
Here for all things #Imaging🔬, #OpenScience, and the fragile state of our democracy.",Sannyfrannyciscotown,0,twibot_22,,,
twibot_2022,users,u1483148379538423809,Pa91531581Henry,human,train,1.0,120.0,20.0,,0.0,2022-01-17 18:45:29+00:00,False,"philosophy, culture, religion,the arts, aging, fitness, social, military,my daughter my life",,0,twibot_22,,,
twibot_2022,users,u1126848131667247106,yoblispatrol,human,test,113.0,246.0,464.0,,1.0,2019-05-10 13:55:05+00:00,False,"Peter Parker but also Gurra Aliu. verysecxxymastermind. eatin my own pseudo reality, sic mundus creatus est🛸🛰🚀 #richwoman",,0,twibot_22,,,
twibot_2022,users,u792829948113227776,Arrovox_,bot,train,32.0,25.0,14.0,,7.0,2016-10-30 20:46:04+00:00,False,"A voice and audio content studio. Productions include https://t.co/VzOi3NukyK, https://t.co/c0HD5fhXtT & @HomieAndLexy.","Los Angeles, CA",0,twibot_22,,,
twibot_2022,users,u74966215,delyat,human,test,11.0,49.0,1.0,,1.0,2009-09-17 08:30:50+00:00,False,,301,0,twibot_22,,,
twibot_2022,users,u140422363,laurenmurrah,human,train,18084.0,2449.0,15.0,,26.0,2010-05-05 13:04:43+00:00,False,,NYC,0,twibot_22,,,
twibot_2022,users,u855714950,giftravel,human,test,23.0,262.0,6.0,,1.0,2012-10-01 02:31:31+00:00,False,"Travel agency services for domestic and international flights, Giftravel Present Your Trip",Balikpapan,0,twibot_22,,,
twibot_2022,users,u1044256734808862720,Jmsteinbrink,human,train,1071.0,1574.0,1058.0,,19.0,2018-09-24 16:06:21+00:00,False,"Transplant ID Physician 😷 | @PittMedAlum ➡️ @umichmedicine ➡️ @DukeAdultID | transcriptomic biomarkers, fungi, HCV SOT | Tweets are my own",,0,twibot_22,,,
twibot_2022,tweets,u196777175,,,,,,,,,2019-08-05 21:50:11+00:00,,,,,,t1158495439072747520,"RT @FirstDerm: Online dermatology apps can save you time and money, most important peace of mind. Read about Jeanne Croteau honest experien…",
twibot_2022,tweets,u1127479632914264064,,,,,,,,,2022-02-27 21:11:55+00:00,,,,,,t1498043239567437826,@Wackelkasper @Miezebiene @Olliemorr20171 @dawnybj Yes! It’s my next new starting role after Line of Duty 😹🤩 https://t.co/f62eZCdAIQ,u2306598404
twibot_2022,tweets,u848064390112854017,,,,,,,,,2021-07-14 19:57:39+00:00,,,,,,t1415400115649454080,@TheJusticeDept https://t.co/39nStIH7BH,u73181712
twibot_2022,tweets,u96185045,,,,,,,,,2022-02-27 19:33:57+00:00,,,,,,t1498018587700776967,"RT @maxberger: On July 18, 2019, the Trump administration withheld $250 million of military aid to Ukraine. 

7 days later, Trump held a ph…",
twibot_2022,tweets,u112812371,,,,,,,,,2022-02-26 10:43:49+00:00,,,,,,t1497522786239086595,RT @David_Mignon: If the patriarchy was real wouldn’t men be sending  women to war…?,
twibot_2022,tweets,u1849172972,,,,,,,,,2022-02-22 22:30:00+00:00,,,,,,t1496250951816007681,"By the end of 2022, will most countries no longer be employing extraordinary public health measures to slow #COVID19's spread? @udnore told @ForeignAffairs that she believes so, unless a new variant as evasive and virulent as the first strain emerges. https://t.co/LiPp0oGHUc",
twibot_2022,tweets,u62524415,,,,,,,,,2010-07-30 12:16:11+00:00,,,,,,t19905318627,RT @MissDignity: no sorry and no thank u .. plzz frndzz.. #Friendshiprule,
twibot_2022,tweets,u498792167,,,,,,,,,2021-04-28 20:16:53+00:00,,,,,,t1387501091726712842,Good read... https://t.co/IsT9FCNAIX @BBCJonSopel @BBCNews,
twibot_2022,tweets,u1849172972,,,,,,,,,2022-02-18 14:41:03+00:00,,,,,,t1494683385574400002,RT @udnore: 🗣️ @drtlaleng has joined @oneillinstitute as a Distinguished Lecturer.  She brings her rich expertise in &amp; passion for global h…,
twibot_2022,tweets,u37202911,,,,,,,,,2022-02-27 15:08:00+00:00,,,,,,t1497951656847167488,"From Rightmove adverts to social media fallacies; the English countryside has been packaged and marketed as a blank slate for the whims of city-dwellers. 

Return of a Native author Vron Ware (@vronsta) writes for Guardian Opinion 🌅

https://t.co/PrD9CB0lRP",
twibot_2022,tweets,u2343979050,,,,,,,,,2021-08-11 07:00:18+00:00,,,,,,t1425351351609921539,"@thecyrusjanssen Thanks Cyrus, appreciate your support",u886749256807100416
twibot_2022,tweets,u104249727,,,,,,,,,2022-02-07 16:12:52+00:00,,,,,,t1490720224542437378,Ready for more @dnce? 😈 So excited to start sharing the new stuff we’ve been working on including #DancingFeet with @KygoMusic!! Thanks for the chat @RollingStone 🕺🏻 https://t.co/AHM16OyZzf https://t.co/hgRYWj0qch,
twibot_2022,tweets,u809147335,,,,,,,,,2017-04-07 15:39:08+00:00,,,,,,t850372375304687616,2 tweeps followed (thank you!) and 5 unfollowed (goodbye!) me in the past day. Thank you https://t.co/G8iuggwkzB.,
twibot_2022,tweets,u2864184746,,,,,,,,,2022-02-15 04:42:04+00:00,,,,,,t1493445481237729280,"RT @IAMTHESLIME_: ""Why must I, a STEM major, take an ethics class?""",
twibot_2022,tweets,u179870626,,,,,,,,,2022-02-28 01:13:31+00:00,,,,,,t1498104039661314054,RT @BYPOREVOLUTION: my god is in the noticing–noticing the moment between when i start to breathe and when i feel the first rush of air int…,
twibot_2022,tweets,u800684257949560832,,,,,,,,,2022-02-28 12:20:01+00:00,,,,,,t1498271773099495431,Hitit Bilgisayar'ın halka arz sonuçları belli oldu https://t.co/T88QSDBo1j,
twibot_2022,tweets,u62524415,,,,,,,,,2010-07-25 13:13:00+00:00,,,,,,t19495211732,@MissDignity ya agreed y sony t.v goin crazy..,u36076925
twibot_2022,tweets,u934962636,,,,,,,,,2021-06-04 16:52:43+00:00,,,,,,t1400858061896622081,RT @Belindadesimone: @WSESurgery @NELANews @JTraumAcuteSurg @womeninsurgery @WomenSurgeons @acsTrauma @traumadoctors @TSACO_AAST @AmCollSur…,
twibot_2022,tweets,u79249149,,,,,,,,,2020-05-02 20:06:05+00:00,,,,,,t1256676355241996288,"35 years old Japanese maple #bonsai after a hard trim and three years in pot in the ground. #JapaneseBonsai @ Wantage, New Jersey https://t.co/50GYpJPugL",
twibot_2022,tweets,u1167436211767504896,,,,,,,,,2022-01-21 03:02:25+00:00,,,,,,t1484360707374141440,RT @chandan_khandai: As a psychiatrist I love love LOVE taking a patient’s list of six medications and reducing it to two plus psychotherap…,
twibot_2022,tweets,u2813765298,,,,,,,,,2022-02-15 05:23:34+00:00,,,,,,t1493455925637791744,RT @Reuters: A team of artists in Belgium showcase how it feels to be a woman subjected to harassment in the street through an immersive ar…,
twibot_2022,tweets,u727448203180822528,,,,,,,,,2022-02-18 18:00:26+00:00,,,,,,t1494733561441796100,Incentive 360 | The future-fit incentive compensation platform that helps achieve and sustain high levels of brand and portfolio success: https://t.co/HA7gu0E3WK https://t.co/0Q3Nq1OX4K,
twibot_2022,tweets,u37440019,,,,,,,,,2022-02-15 14:09:12+00:00,,,,,,t1493588206872596482,"@sorsoup @agentultra Are you saying that because the Curry-Howard correspondence says they’re similar? I think “the same” is a bit strong of a word here. Yes you prove things about logic and transport that theorem over to functional programming and vice-versa but in practice, we care about … 1/",u35346192
twibot_2022,tweets,u289099885,,,,,,,,,2022-02-17 23:46:08+00:00,,,,,,t1494458169883611138,@OldManKris Or just look for early stage startup experience. 😆,u289099885
twibot_2022,tweets,u1208734837546323968,,,,,,,,,2022-02-27 16:43:07+00:00,,,,,,t1497975593312210944,RT @BlessedCollins_: Am getting ready to be fired up this night by @iamchrisani on @dabatv_ in today's episode of the Wealth Creation Serie…,
